Age,Weight (lbs),Gender,Ethnicity,Smoking status,%GG,Tumor Location (choice=RUL),Tumor Location (choice=RML),Tumor Location (choice=RLL),Tumor Location (choice=LUL),Tumor Location (choice=LLL),Histology,Pathological T stage,Pathological N stage,Pathological M stage,Histopathological Grade,Lymphovascular invasion,"Pleural invasion (elastic, visceral, or parietal)",EGFR mutation status,KRAS mutation status,ALK translocation status,Adjuvant Treatment,Chemotherapy,Radiation,Recurrence,Days between CT and surgery,Time to Event,Event
79,146,0,2,1,0,0,1,1,1,1,0,0,0,0,1,0,0,1,1,1,0,0,0,0,42,3078,0
65,195,0,1,2,0,0,1,1,1,1,0,0,0,0,0,0,0,1,1,1,0,0,0,0,23,70,0
65,173.5,1,2,0,0,1,1,1,1,0,0,4,0,0,3,0,0,0,0,2,0,0,0,0,25,666,0
67,173.5,1,2,1,0,1,1,1,0,1,2,1,2,0,1,0,0,2,2,2,1,1,1,1,89,1172,0
84,145,1,4,1,0,1,0,1,1,1,0,2,0,0,2,0,0,2,1,2,0,0,0,1,92,1456,1
62,173.5,1,2,1,0,1,1,1,0,1,0,1,0,0,0,0,0,2,2,2,0,0,0,0,315,2297,0
68,173.5,1,2,1,0,1,1,1,1,0,2,0,1,0,2,0,0,2,2,2,1,1,0,1,31,1048,1
73,102,1,2,2,5,0,1,1,1,1,0,6,0,0,0,0,0,2,0,1,0,0,0,0,34,2298,0
72,173.5,1,2,1,5,0,1,1,1,1,2,4,0,0,1,0,1,2,2,2,0,0,0,1,52,3251,0
65,90,0,1,2,0,1,1,1,1,0,2,0,2,0,2,0,0,1,1,1,1,1,0,0,101,3175,0
70,125,0,2,2,3,0,1,1,1,1,0,2,0,0,1,0,1,2,2,0,1,1,1,1,90,3149,0
46,176,0,1,1,0,1,1,1,1,0,0,2,0,0,1,0,1,1,1,1,0,0,0,0,112,3500,0
52,130,0,2,1,2,0,1,1,1,1,0,6,0,0,0,0,0,1,1,1,0,0,0,0,14,1921,0
74,173.5,1,2,2,0,0,1,1,1,1,0,2,0,0,2,0,1,2,2,2,0,0,0,0,42,430,1
64,195,1,0,0,0,1,1,0,1,1,0,0,0,0,1,0,0,2,2,2,0,0,0,1,116,3222,0
77,175,1,2,1,4,1,1,1,0,1,0,0,0,0,0,0,0,1,1,1,0,0,0,0,5,474,1
67,173.5,1,2,1,0,1,1,0,1,1,2,5,0,0,2,0,1,2,2,1,1,1,1,1,104,1176,1
71,205,1,2,1,0,0,1,1,1,1,0,1,0,0,1,0,0,2,0,2,0,0,0,0,42,6,1
63,152,0,2,2,0,0,1,1,1,1,0,4,0,0,1,0,0,2,1,1,0,0,0,1,162,2515,0
61,149,0,1,2,5,0,1,1,1,1,0,0,0,0,1,0,0,1,1,1,0,0,0,0,191,2330,0
62,173.5,1,0,2,2,1,1,1,0,1,0,6,0,0,1,0,0,1,2,1,0,0,0,1,69,3259,0
81,173.5,1,4,1,0,1,1,0,1,1,0,6,0,0,1,0,0,2,2,2,0,0,0,0,77,1070,0
52,169,1,2,0,0,1,1,1,0,1,0,2,0,0,0,0,1,1,0,1,0,0,0,1,155,366,1
68,173.5,1,2,0,0,0,1,1,1,1,0,2,0,0,0,0,0,2,1,2,0,0,0,0,87,623,1
59,158,1,1,2,0,1,1,1,0,1,0,1,0,0,1,0,0,0,2,2,1,1,1,1,52,2356,1
76,152.145,1,2,1,0,0,1,1,1,1,1,5,0,0,2,2,1,2,2,2,0,0,0,0,24,2208,0
67,189.63,1,2,1,0,1,1,0,1,1,0,2,0,0,2,0,1,2,0,2,0,0,0,0,23,2140,0
76,249.165,1,2,1,0,1,1,1,1,0,1,4,2,0,1,2,0,2,0,2,1,1,0,1,33,286,1
86,189.63,1,2,1,5,1,1,1,0,1,0,0,2,0,0,0,0,2,1,1,0,0,0,1,45,360,1
64,160.965,1,3,1,0,1,1,0,1,1,1,1,0,0,2,0,0,2,2,2,0,0,0,1,23,1890,1
63,134.505,1,2,1,0,0,1,1,1,1,0,2,0,0,4,0,1,2,2,2,0,0,0,0,90,2643,0
69,185.22,1,2,1,0,1,1,1,1,1,0,1,2,0,3,0,0,1,1,1,0,0,0,1,14,514,1
64,180.81,1,3,2,5,1,1,1,1,0,0,2,1,0,1,0,1,2,2,2,1,1,0,0,75,2600,0
78,216.09,1,2,0,0,1,1,0,1,1,0,2,2,0,0,0,0,2,2,2,1,1,0,1,16,1798,1
43,317.52,1,2,1,0,1,1,0,1,1,0,4,2,0,2,2,1,2,2,1,1,1,1,1,23,792,1
84,187.425,1,2,1,0,1,1,1,1,0,0,2,0,0,4,0,1,0,2,2,0,0,0,0,3,28,1
59,216.09,1,2,1,0,0,1,1,1,1,2,2,0,0,1,0,0,2,2,2,0,0,0,0,81,205,0
78,198.45,1,2,1,0,0,1,1,1,1,2,1,0,0,0,0,0,1,1,1,0,0,0,0,64,41,1
64,211.68,1,2,1,0,1,1,1,1,0,2,2,0,0,1,2,0,2,2,2,0,0,0,0,10,2041,1
57,288.855,0,2,1,0,0,1,1,1,1,2,0,0,0,1,0,0,2,2,2,0,0,0,0,47,2528,0
76,178.605,1,0,0,0,1,1,0,1,1,2,3,0,0,3,0,0,1,1,1,0,0,0,0,1,42,1
81,174.195,1,0,1,5,0,1,1,1,1,0,0,0,0,1,0,0,2,0,2,0,0,0,0,102,1886,0
72,167.58,1,2,1,5,0,1,1,1,1,0,0,0,0,1,1,0,2,2,2,0,0,0,0,81,2494,0
66,145.53,1,2,1,0,1,1,1,1,0,0,0,0,0,1,2,0,2,0,2,0,0,0,0,9,1671,0
66,200.655,1,2,1,0,1,1,1,1,0,2,1,0,0,1,0,0,2,2,2,0,0,0,0,79,2240,0
87,160.965,1,2,1,0,1,1,1,0,1,0,2,0,0,0,0,1,0,2,2,0,0,0,0,52,2178,0
77,185.22,1,2,1,0,0,1,1,1,1,0,1,0,0,1,0,0,2,2,2,0,0,0,0,63,2309,0
70,174.195,0,2,0,0,1,1,0,1,1,2,0,0,0,1,0,0,1,1,1,0,0,0,0,30,1980,0
73,127.89,0,2,0,0,0,1,1,1,1,0,0,0,0,1,0,0,2,2,2,0,0,0,1,21,1258,1
70,202.86,1,2,2,0,0,1,1,1,1,0,1,1,0,1,2,0,2,2,2,0,0,0,1,6,261,1
75,185.22,1,2,2,0,1,1,1,0,1,0,2,0,0,0,0,0,1,1,1,0,0,0,0,93,2212,0
62,127.89,1,0,0,0,0,1,1,1,1,0,0,0,0,2,0,0,2,0,2,0,0,0,0,46,2176,0
56,220.5,1,2,0,0,0,1,1,1,1,0,4,1,0,1,0,0,2,0,2,1,1,1,1,27,2141,0
69,200.655,1,2,1,0,0,1,1,1,1,2,0,0,0,1,1,0,2,2,2,0,0,0,0,86,1165,1
71,180.81,1,2,1,0,1,1,1,0,1,0,2,1,0,3,2,1,0,2,2,0,0,0,0,9,2115,0
65,185.22,1,2,0,3,0,1,1,1,1,0,0,0,0,1,0,0,2,2,2,0,0,0,0,30,1123,1
63,145.53,1,1,2,5,1,1,1,1,0,0,1,0,0,3,0,0,0,2,2,0,0,0,0,130,2229,0
67,160.965,1,2,1,5,0,1,1,1,1,0,0,1,0,1,2,0,2,0,2,1,1,0,0,177,2231,0
53,156.555,0,2,0,5,1,1,1,0,1,0,5,0,0,1,0,0,2,2,2,1,1,0,0,74,2158,0
67,200.655,1,2,1,0,0,1,1,1,1,0,1,0,0,4,0,0,2,2,2,0,0,0,0,100,2148,0
72,200.655,1,2,1,0,1,1,1,1,0,0,0,0,0,4,0,0,2,0,2,0,0,0,0,38,1991,0
65,209.475,1,2,1,0,1,1,1,0,1,0,2,0,0,2,0,1,2,2,2,1,1,0,0,64,1995,0
81,147.735,1,3,0,0,0,1,1,1,1,2,0,0,0,1,0,0,2,2,2,0,0,0,0,28,1971,0
80,194.04,1,2,1,0,1,1,1,0,1,2,3,2,0,1,0,0,2,2,2,1,1,0,1,14,346,1
67,194.04,1,2,1,0,1,1,1,0,1,0,2,2,0,2,2,0,2,0,2,0,0,0,0,58,201,1
65,207.27,1,2,1,0,1,1,0,1,1,0,2,0,0,1,0,0,2,2,2,0,0,0,0,7,2000,0
63,183.015,1,2,1,0,1,1,1,0,1,0,2,0,2,2,0,1,2,2,2,1,1,0,1,29,1982,0
70,171.99,1,2,1,5,1,1,0,1,1,2,3,0,0,1,0,0,2,2,2,0,0,0,0,56,1856,0
66,160.965,1,2,1,0,1,0,1,1,1,0,0,0,0,0,1,0,2,2,2,0,0,0,0,17,1011,1
72,145.53,1,2,1,0,1,1,1,0,1,2,0,0,0,0,2,0,2,2,2,0,0,0,0,22,1425,1
70,152.145,1,2,1,0,1,0,1,1,1,0,2,0,0,2,0,1,2,0,2,0,0,0,1,102,299,1
70,224.91,1,2,1,0,0,1,1,1,1,2,0,0,0,1,0,0,2,2,2,0,0,0,0,43,1976,0
78,148.02165,0,2,1,5,1,1,1,0,1,0,1,1,0,1,0,0,2,0,2,1,1,0,0,24,910,0
86,132.3,1,2,1,0,1,1,1,0,1,0,4,1,0,1,0,1,0,2,2,0,0,0,1,1,428,1
62,180.1926,1,2,1,2,1,1,1,0,1,0,2,0,0,1,0,1,0,2,2,0,0,0,0,54,1935,0
75,199.04535,0,2,2,5,1,1,0,1,1,0,5,2,0,4,0,0,2,2,2,1,1,1,1,10,1322,1
74,103.635,0,2,1,5,1,1,1,0,1,0,3,2,0,1,0,1,2,2,2,1,1,0,0,80,1133,1
85,111.5815,0,2,1,5,1,1,1,1,0,0,1,0,0,1,0,0,0,2,2,0,0,0,0,38,1401,0
71,214,1,2,1,4,0,1,1,1,1,0,6,0,0,0,0,0,0,2,2,0,0,0,0,83,2010,0
47,114.66,0,1,2,1,1,1,1,0,1,0,2,0,0,0,0,1,2,2,2,0,0,0,0,59,1975,0
69,200.655,1,2,1,5,0,1,1,1,1,0,4,0,0,1,0,1,2,2,2,1,1,0,0,9,1867,0
68,160.965,1,2,0,0,1,0,1,1,1,0,0,0,0,1,0,0,2,2,2,0,0,0,0,94,280,1
63,200.655,1,2,1,0,1,1,1,0,1,0,4,0,0,1,2,1,2,2,2,1,1,1,0,30,797,0
70,200.655,1,2,1,0,1,0,1,1,1,0,0,0,0,0,0,0,2,2,2,0,0,0,0,70,1952,0
68,171.99,1,4,1,0,1,1,1,0,1,0,1,2,0,0,2,0,2,2,2,1,1,0,0,14,857,1
68,154.35,1,1,1,3,1,1,1,0,1,0,0,0,0,0,0,0,0,2,2,0,0,0,0,63,1916,0
68,174.195,1,2,1,5,0,1,1,1,1,0,2,0,0,1,0,1,0,2,2,1,1,0,1,53,1823,0
74,130.02885,1,1,1,0,0,1,1,1,1,0,4,0,0,4,0,0,0,2,2,1,1,0,0,68,1794,0
76,133,0,2,0,0,1,1,0,1,1,0,3,1,0,2,2,1,2,2,1,0,0,0,0,14,477,1
64,128,0,2,0,0,0,1,1,1,1,0,2,0,2,1,0,1,2,2,2,1,1,1,1,6,985,1
73,139,1,2,0,0,1,1,0,1,1,2,2,0,0,1,0,1,1,1,1,0,0,0,0,79,861,1
83,201,1,2,1,0,1,0,1,1,1,2,2,0,0,1,0,0,1,1,1,0,0,0,1,73,47,1
63,225,1,2,1,0,1,0,1,1,1,0,0,0,0,0,0,0,2,0,2,0,0,0,0,24,1794,0
74,183,1,3,0,5,1,0,1,1,1,0,0,0,0,1,0,0,2,0,2,0,0,0,0,79,1834,0
70,201,1,2,1,5,0,1,1,1,1,0,1,2,0,2,0,0,2,0,2,1,1,0,0,123,1838,0
70,135,1,2,0,0,1,0,1,1,1,0,1,0,0,0,0,0,2,0,2,0,0,0,0,17,1352,1
66,112,0,1,0,5,1,1,1,0,1,0,2,0,0,1,0,1,0,2,2,0,0,0,1,44,1378,0
51,132,0,1,2,0,1,1,1,0,1,0,5,2,1,4,2,1,0,2,2,1,1,1,1,36,952,1
74,104,0,2,1,3,0,1,1,1,1,0,1,0,0,1,0,0,2,2,2,0,0,0,0,36,867,1
74,181,1,2,1,0,1,0,1,1,1,2,2,0,0,2,0,1,1,1,1,0,0,0,0,3,1491,1
73,185,1,2,1,0,0,1,1,1,1,2,1,0,0,3,0,0,1,1,1,0,0,0,0,31,375,0
80,152,1,2,1,0,0,1,1,1,1,0,3,0,2,2,0,0,2,0,2,0,0,0,1,19,210,1
76,229,1,2,2,3,0,1,1,1,1,0,1,0,0,1,0,0,0,2,2,0,0,0,0,2,1458,0
81,163,0,2,1,5,1,1,1,1,0,0,1,0,0,1,0,0,2,0,2,0,0,0,0,78,791,0
63,201,1,2,1,0,0,1,1,1,1,0,3,0,0,2,0,0,2,2,2,1,1,0,0,211,225,1
83,137,0,1,2,5,0,1,1,1,1,0,2,0,0,0,0,1,1,1,1,0,0,0,0,27,1488,0
77,207,1,2,1,0,0,1,1,1,1,2,4,0,0,2,0,0,1,1,1,0,0,0,0,108,1849,0
69,194,1,2,1,5,1,1,0,1,1,0,6,0,0,0,0,0,2,2,2,0,0,0,1,56,1840,0
59,269,1,0,1,0,1,1,1,1,0,0,0,0,0,2,0,0,2,2,2,1,1,1,0,88,763,0
59,225,1,2,0,0,1,0,1,1,1,0,1,0,0,1,0,0,1,1,1,0,0,0,1,30,1588,0
78,260,1,2,0,0,1,1,1,1,0,0,3,0,0,2,0,1,2,2,2,1,1,0,0,46,417,1
78,170,1,2,1,5,1,1,1,0,1,0,1,1,0,2,1,0,2,2,2,0,0,0,1,16,667,1
71,282,1,2,1,0,1,1,0,1,1,2,4,0,0,2,0,0,1,1,1,1,1,0,0,37,1618,0
67,161,1,2,1,0,1,1,1,0,1,0,0,0,0,3,0,0,2,2,2,0,0,0,0,2,1555,0
54,150,1,1,0,0,0,1,1,1,1,0,0,0,0,1,0,0,2,0,2,0,0,0,0,44,1612,0
65,137,1,2,0,5,1,1,1,0,1,0,4,0,0,0,1,0,2,2,2,1,1,0,0,51,1083,1
80,201,1,2,1,0,1,1,1,1,0,2,2,0,0,4,2,0,2,2,2,1,1,0,0,3,1476,0
67,170,1,2,0,0,0,1,1,1,1,2,2,1,0,1,0,0,2,2,2,0,0,0,1,80,159,1
80,176,1,1,1,3,1,1,1,0,1,0,0,0,0,3,0,0,1,1,1,0,0,0,0,735,2145,0
72,198.5,1,2,0,0,1,0,1,1,1,2,1,0,0,1,2,0,1,1,1,0,0,0,0,1,1209,0
69,174,1,2,1,5,1,1,1,0,1,0,4,0,0,0,0,0,2,0,2,0,0,0,1,57,615,0
69,256,1,2,1,4,1,1,1,1,0,0,0,0,0,0,0,0,1,1,1,0,0,0,0,86,1456,0
72,183,1,2,1,0,0,1,1,1,1,2,0,0,0,1,0,0,1,1,1,0,0,0,0,58,1370,0
76,108.045,0,2,0,0,1,0,1,1,1,0,0,0,0,1,0,0,2,2,2,0,0,0,1,6,1511,0
65,128,0,2,1,5,0,1,1,1,1,0,4,0,0,1,0,1,2,0,2,0,0,0,0,44,1521,0
73,126,1,1,2,4,0,1,1,1,1,0,1,0,0,0,0,0,0,2,2,0,0,0,0,26,1425,0
73,125,0,1,2,0,1,1,1,1,0,0,0,0,0,1,0,0,2,2,2,0,0,0,1,47,328,1
79,173,1,2,1,5,1,1,1,0,1,0,2,0,0,2,0,1,2,0,2,0,0,0,0,17,66,0
81,102,1,2,1,5,1,1,0,1,1,0,2,1,0,1,2,0,2,2,0,0,0,0,0,61,258,0
68,133,0,2,1,3,1,1,1,0,1,0,2,0,0,1,0,0,0,2,2,0,0,0,0,23,1282,0
62,132,0,2,1,2,0,1,1,1,1,0,0,0,0,1,0,0,0,2,2,0,0,0,0,52,1282,0
73,183.015,1,2,1,2,1,1,0,1,1,0,2,2,0,1,0,0,2,2,2,1,1,1,0,50,600,1
62,94.815,1,1,0,5,1,1,1,0,1,0,1,0,0,4,0,0,2,2,2,0,0,0,0,4,20,0
69,134.505,0,2,1,0,0,1,1,1,1,2,4,0,0,2,0,0,2,2,2,0,0,0,0,1,21,0
57,110.1177,0,1,2,4,1,1,0,1,1,0,1,0,0,0,0,0,0,2,2,0,0,0,0,64,1190,0
50,208.04175,0,2,0,5,1,1,1,0,1,0,2,0,0,1,0,1,2,0,2,0,0,0,0,28,69,0
68,176,1,1,1,0,1,1,1,0,1,0,2,0,0,1,0,1,1,1,1,0,0,0,0,72,14,1
65,171,0,2,1,0,0,1,1,1,1,0,2,0,0,2,0,1,2,0,2,1,1,0,0,13,1272,0
46,179,0,2,1,0,0,1,1,1,1,0,1,2,0,1,2,0,2,2,2,0,0,0,0,6,118,0
79,155,1,3,1,5,1,1,1,1,0,0,1,0,0,1,0,0,0,2,2,0,0,0,1,87,1248,0
55,171,0,2,1,5,0,1,1,1,1,0,1,0,0,3,0,0,0,2,2,0,0,0,0,16,1148,0
80,157,1,1,0,0,1,1,1,0,1,0,0,0,0,1,0,0,2,2,2,0,0,0,0,23,1009,0
77,137,1,1,1,5,1,1,0,1,1,0,2,0,0,4,0,1,2,2,2,0,0,0,0,10,763,0
81,80,0,1,2,5,1,1,0,1,1,0,3,2,0,1,0,1,0,2,2,0,0,0,1,66,276,1
